<?xml version = '1.0' encoding = 'ISO-8859-1'?>
<T0027 xmlns="http://www.safersys.org/namespaces/T0027V1" xmlns:xsi="http://www.w3.org/2001/XMLSchema-instance" xsi:schemaLocation="http://www.safersys.org/namespaces/T0027V1 T0027V1.xsd">
   <INTERFACE>
      <NAME>SAFER</NAME>
      <VERSION>04.03</VERSION>
   </INTERFACE>
   <TRANSACTION>
      <VERSION>01.00</VERSION>
      <OPERATION>REPLACE</OPERATION>
      <DATE_TIME>2014-05-30T02:15:02</DATE_TIME>
      <TZ>ED</TZ>
   </TRANSACTION>
   <FLEET_ACCOUNT>
      <IRP_ACCOUNT_NUMBER>51</IRP_ACCOUNT_NUMBER>
      <IRP_BASE_COUNTRY>US</IRP_BASE_COUNTRY>
      <IRP_BASE_STATE>SD</IRP_BASE_STATE>
      <SENDING_STATE>SD</SENDING_STATE>
      <FLEET_NUMBER>1</FLEET_NUMBER>
      <FLEET_STATUS_CODE>100</FLEET_STATUS_CODE>
      <FLEET_STATUS_DATE>2011-07-21</FLEET_STATUS_DATE>
      <FLEET_EXPIRE_DATE>2015-02-28</FLEET_EXPIRE_DATE>
      <FLEET_UPDATE_DATE>2014-05-30</FLEET_UPDATE_DATE>
      <FLEET_NAME>
         <NAME_TYPE>LG</NAME_TYPE>
         <NAME>A &amp; A EXPRESS INC</NAME>
         <FLEET_ADDRESS>
            <ADDRESS_TYPE>MA</ADDRESS_TYPE>
            <STREET_LINE_1>PO BOX 245</STREET_LINE_1>
            <CITY>BRANDON</CITY>
            <STATE>SD</STATE>
            <ZIP_CODE>57005</ZIP_CODE>
            <COUNTY>Minnehaha</COUNTY>
            <COUNTRY>US</COUNTRY>
         </FLEET_ADDRESS>
         <FLEET_ADDRESS>
            <ADDRESS_TYPE>PH</ADDRESS_TYPE>
            <STREET_LINE_1>1015 9TH AVE N</STREET_LINE_1>
            <CITY>BRANDON</CITY>
            <STATE>SD</STATE>
            <ZIP_CODE>57005</ZIP_CODE>
            <COUNTY>Minnehaha</COUNTY>
            <COUNTRY>US</COUNTRY>
         </FLEET_ADDRESS>
      </FLEET_NAME>
   </FLEET_ACCOUNT>
   <FLEET_ACCOUNT>
      <IRP_ACCOUNT_NUMBER>2599</IRP_ACCOUNT_NUMBER>
      <IRP_BASE_COUNTRY>US</IRP_BASE_COUNTRY>
      <IRP_BASE_STATE>SD</IRP_BASE_STATE>
      <SENDING_STATE>SD</SENDING_STATE>
      <FLEET_NUMBER>1</FLEET_NUMBER>
      <FLEET_STATUS_CODE>100</FLEET_STATUS_CODE>
      <FLEET_STATUS_DATE>2011-11-22</FLEET_STATUS_DATE>
      <FLEET_EXPIRE_DATE>2014-08-31</FLEET_EXPIRE_DATE>
      <FLEET_UPDATE_DATE>2014-05-30</FLEET_UPDATE_DATE>
      <FLEET_NAME>
         <NAME_TYPE>DB</NAME_TYPE>
         <NAME>HOHN'S BRITISH WHITE</NAME>
         <FLEET_ADDRESS>
            <ADDRESS_TYPE>PH</ADDRESS_TYPE>
            <STREET_LINE_1>920 E 6TH</STREET_LINE_1>
            <CITY>MITCHELL</CITY>
            <STATE>SD</STATE>
            <ZIP_CODE>57301</ZIP_CODE>
            <COUNTY>Davison</COUNTY>
            <COUNTRY>US</COUNTRY>
         </FLEET_ADDRESS>
      </FLEET_NAME>
      <FLEET_NAME>
         <NAME_TYPE>LG</NAME_TYPE>
         <NAME>JAMES HOHN</NAME>
         <FLEET_ADDRESS>
            <ADDRESS_TYPE>PH</ADDRESS_TYPE>
            <STREET_LINE_1>920 E 6TH</STREET_LINE_1>
            <CITY>MITCHELL</CITY>
            <STATE>SD</STATE>
            <ZIP_CODE>57301</ZIP_CODE>
            <COUNTY>Davison</COUNTY>
            <COUNTRY>US</COUNTRY>
         </FLEET_ADDRESS>
      </FLEET_NAME>
   </FLEET_ACCOUNT>
</T0027>
