<?xml version = '1.0' encoding = 'ISO-8859-1'?>
<T0027 xmlns="http://www.safersys.org/namespaces/T0027V1" xmlns:xsi="http://www.w3.org/2001/XMLSchema-instance" xsi:schemaLocation="http://www.safersys.org/namespaces/T0027V1 T0027V1.xsd">
   <INTERFACE>
      <NAME>SAFER</NAME>
      <VERSION>04.03</VERSION>
   </INTERFACE>
   <TRANSACTION>
      <VERSION>01.00</VERSION>
      <OPERATION>REPLACE</OPERATION>
      <DATE_TIME>2014-05-30T05:15:02</DATE_TIME>
      <TZ>ED</TZ>
   </TRANSACTION>
   <FLEET_ACCOUNT>
      <IRP_ACCOUNT_NUMBER>3580</IRP_ACCOUNT_NUMBER>
      <IRP_BASE_COUNTRY>US</IRP_BASE_COUNTRY>
      <IRP_BASE_STATE>SD</IRP_BASE_STATE>
      <SENDING_STATE>SD</SENDING_STATE>
      <FLEET_NUMBER>1</FLEET_NUMBER>
      <FLEET_STATUS_CODE>100</FLEET_STATUS_CODE>
      <FLEET_STATUS_DATE>2014-05-30</FLEET_STATUS_DATE>
      <FLEET_EXPIRE_DATE>2014-08-31</FLEET_EXPIRE_DATE>
      <FLEET_UPDATE_DATE>2014-05-30</FLEET_UPDATE_DATE>
      <FLEET_NAME>
         <NAME_TYPE>DB</NAME_TYPE>
         <NAME>KEVIN JOHNSON TRUCKING</NAME>
         <FLEET_ADDRESS>
            <ADDRESS_TYPE>MA</ADDRESS_TYPE>
            <STREET_LINE_1>PO BOX 763</STREET_LINE_1>
            <CITY>HOVEN</CITY>
            <STATE>SD</STATE>
            <ZIP_CODE>574500763</ZIP_CODE>
            <COUNTY>Potter</COUNTY>
            <COUNTRY>US</COUNTRY>
         </FLEET_ADDRESS>
         <FLEET_ADDRESS>
            <ADDRESS_TYPE>PH</ADDRESS_TYPE>
            <STREET_LINE_1>215 BABIK STREET</STREET_LINE_1>
            <CITY>HOVEN</CITY>
            <STATE>SD</STATE>
            <ZIP_CODE>57450</ZIP_CODE>
            <COUNTY>Potter</COUNTY>
            <COUNTRY>US</COUNTRY>
         </FLEET_ADDRESS>
      </FLEET_NAME>
      <FLEET_NAME>
         <NAME_TYPE>LG</NAME_TYPE>
         <NAME>KEVIN JOHNSON</NAME>
         <FLEET_ADDRESS>
            <ADDRESS_TYPE>MA</ADDRESS_TYPE>
            <STREET_LINE_1>PO BOX 763</STREET_LINE_1>
            <CITY>HOVEN</CITY>
            <STATE>SD</STATE>
            <ZIP_CODE>574500763</ZIP_CODE>
            <COUNTY>Potter</COUNTY>
            <COUNTRY>US</COUNTRY>
         </FLEET_ADDRESS>
         <FLEET_ADDRESS>
            <ADDRESS_TYPE>PH</ADDRESS_TYPE>
            <STREET_LINE_1>215 BABIK STREET</STREET_LINE_1>
            <CITY>HOVEN</CITY>
            <STATE>SD</STATE>
            <ZIP_CODE>57450</ZIP_CODE>
            <COUNTY>Potter</COUNTY>
            <COUNTRY>US</COUNTRY>
         </FLEET_ADDRESS>
      </FLEET_NAME>
   </FLEET_ACCOUNT>
   <FLEET_ACCOUNT>
      <IRP_ACCOUNT_NUMBER>9576</IRP_ACCOUNT_NUMBER>
      <IRP_BASE_COUNTRY>US</IRP_BASE_COUNTRY>
      <IRP_BASE_STATE>SD</IRP_BASE_STATE>
      <SENDING_STATE>SD</SENDING_STATE>
      <FLEET_NUMBER>1</FLEET_NUMBER>
      <FLEET_STATUS_CODE>100</FLEET_STATUS_CODE>
      <FLEET_STATUS_DATE>2013-08-30</FLEET_STATUS_DATE>
      <FLEET_EXPIRE_DATE>2015-02-28</FLEET_EXPIRE_DATE>
      <FLEET_UPDATE_DATE>2014-05-30</FLEET_UPDATE_DATE>
      <FLEET_NAME>
         <NAME_TYPE>LG</NAME_TYPE>
         <NAME>CLAREMONT HUTTERIAN BRETHREN INC</NAME>
         <FLEET_ADDRESS>
            <ADDRESS_TYPE>PH</ADDRESS_TYPE>
            <STREET_LINE_1>46271 184TH STREET</STREET_LINE_1>
            <CITY>CASTLEWOOD</CITY>
            <STATE>SD</STATE>
            <ZIP_CODE>572235223</ZIP_CODE>
            <COUNTY>Hamlin</COUNTY>
            <COUNTRY>US</COUNTRY>
         </FLEET_ADDRESS>
      </FLEET_NAME>
   </FLEET_ACCOUNT>
   <FLEET_ACCOUNT>
      <IRP_ACCOUNT_NUMBER>2279</IRP_ACCOUNT_NUMBER>
      <IRP_BASE_COUNTRY>US</IRP_BASE_COUNTRY>
      <IRP_BASE_STATE>SD</IRP_BASE_STATE>
      <SENDING_STATE>SD</SENDING_STATE>
      <FLEET_NUMBER>1</FLEET_NUMBER>
      <FLEET_STATUS_CODE>100</FLEET_STATUS_CODE>
      <FLEET_STATUS_DATE>2014-05-30</FLEET_STATUS_DATE>
      <FLEET_EXPIRE_DATE>2015-02-28</FLEET_EXPIRE_DATE>
      <FLEET_UPDATE_DATE>2014-05-30</FLEET_UPDATE_DATE>
      <FLEET_NAME>
         <NAME_TYPE>LG</NAME_TYPE>
         <NAME>LONE WOLF LLC</NAME>
         <FLEET_ADDRESS>
            <ADDRESS_TYPE>MA</ADDRESS_TYPE>
            <STREET_LINE_1>PO BOX 288</STREET_LINE_1>
            <CITY>HURON</CITY>
            <STATE>SD</STATE>
            <ZIP_CODE>57350</ZIP_CODE>
            <COUNTY>Beadle</COUNTY>
            <COUNTRY>US</COUNTRY>
         </FLEET_ADDRESS>
         <FLEET_ADDRESS>
            <ADDRESS_TYPE>PH</ADDRESS_TYPE>
            <STREET_LINE_1>65 S TERRACE DR</STREET_LINE_1>
            <CITY>HURON</CITY>
            <STATE>SD</STATE>
            <ZIP_CODE>57350</ZIP_CODE>
            <COUNTY>Beadle</COUNTY>
            <COUNTRY>US</COUNTRY>
         </FLEET_ADDRESS>
      </FLEET_NAME>
   </FLEET_ACCOUNT>
   <FLEET_ACCOUNT>
      <IRP_ACCOUNT_NUMBER>787</IRP_ACCOUNT_NUMBER>
      <IRP_BASE_COUNTRY>US</IRP_BASE_COUNTRY>
      <IRP_BASE_STATE>SD</IRP_BASE_STATE>
      <SENDING_STATE>SD</SENDING_STATE>
      <FLEET_NUMBER>1</FLEET_NUMBER>
      <FLEET_STATUS_CODE>100</FLEET_STATUS_CODE>
      <FLEET_STATUS_DATE>2013-08-31</FLEET_STATUS_DATE>
      <FLEET_EXPIRE_DATE>2014-05-31</FLEET_EXPIRE_DATE>
      <FLEET_UPDATE_DATE>2014-05-30</FLEET_UPDATE_DATE>
      <FLEET_NAME>
         <NAME_TYPE>DB</NAME_TYPE>
         <NAME>INTERMOUNTAIN</NAME>
         <FLEET_ADDRESS>
            <ADDRESS_TYPE>PH</ADDRESS_TYPE>
            <STREET_LINE_1>10902 COUNTRY CLUB ROAD</STREET_LINE_1>
            <CITY>BELLE FOURCHE</CITY>
            <STATE>SD</STATE>
            <ZIP_CODE>57717</ZIP_CODE>
            <COUNTY>Butte</COUNTY>
            <COUNTRY>US</COUNTRY>
         </FLEET_ADDRESS>
      </FLEET_NAME>
      <FLEET_NAME>
         <NAME_TYPE>LG</NAME_TYPE>
         <NAME>INTERMOUNTAIN MANAGEMENT INC</NAME>
         <FLEET_ADDRESS>
            <ADDRESS_TYPE>PH</ADDRESS_TYPE>
            <STREET_LINE_1>10902 COUNTRY CLUB ROAD</STREET_LINE_1>
            <CITY>BELLE FOURCHE</CITY>
            <STATE>SD</STATE>
            <ZIP_CODE>57717</ZIP_CODE>
            <COUNTY>Butte</COUNTY>
            <COUNTRY>US</COUNTRY>
         </FLEET_ADDRESS>
      </FLEET_NAME>
   </FLEET_ACCOUNT>
   <FLEET_ACCOUNT>
      <IRP_ACCOUNT_NUMBER>1486</IRP_ACCOUNT_NUMBER>
      <IRP_BASE_COUNTRY>US</IRP_BASE_COUNTRY>
      <IRP_BASE_STATE>SD</IRP_BASE_STATE>
      <SENDING_STATE>SD</SENDING_STATE>
      <FLEET_NUMBER>1</FLEET_NUMBER>
      <FLEET_STATUS_CODE>100</FLEET_STATUS_CODE>
      <FLEET_STATUS_DATE>2013-09-03</FLEET_STATUS_DATE>
      <FLEET_EXPIRE_DATE>2014-05-31</FLEET_EXPIRE_DATE>
      <FLEET_UPDATE_DATE>2014-05-30</FLEET_UPDATE_DATE>
      <FLEET_NAME>
         <NAME_TYPE>LG</NAME_TYPE>
         <NAME>KISSACK TRUCKING LLC</NAME>
         <FLEET_ADDRESS>
            <ADDRESS_TYPE>PH</ADDRESS_TYPE>
            <STREET_LINE_1>19425 CREEKSIDE LOOP</STREET_LINE_1>
            <CITY>SPEARFISH</CITY>
            <STATE>SD</STATE>
            <ZIP_CODE>57783</ZIP_CODE>
            <COUNTY>Lawrence</COUNTY>
            <COUNTRY>US</COUNTRY>
         </FLEET_ADDRESS>
      </FLEET_NAME>
   </FLEET_ACCOUNT>
   <FLEET_ACCOUNT>
      <IRP_ACCOUNT_NUMBER>5370</IRP_ACCOUNT_NUMBER>
      <IRP_BASE_COUNTRY>US</IRP_BASE_COUNTRY>
      <IRP_BASE_STATE>SD</IRP_BASE_STATE>
      <SENDING_STATE>SD</SENDING_STATE>
      <FLEET_NUMBER>1</FLEET_NUMBER>
      <FLEET_STATUS_CODE>100</FLEET_STATUS_CODE>
      <FLEET_STATUS_DATE>2012-07-23</FLEET_STATUS_DATE>
      <FLEET_EXPIRE_DATE>2014-11-30</FLEET_EXPIRE_DATE>
      <FLEET_UPDATE_DATE>2014-05-30</FLEET_UPDATE_DATE>
      <FLEET_NAME>
         <NAME_TYPE>LG</NAME_TYPE>
         <NAME>TD TRANSPORT INC</NAME>
         <FLEET_ADDRESS>
            <ADDRESS_TYPE>PH</ADDRESS_TYPE>
            <STREET_LINE_1>582 STEALTH LN</STREET_LINE_1>
            <CITY>BOX ELDER</CITY>
            <STATE>SD</STATE>
            <ZIP_CODE>57719</ZIP_CODE>
            <COUNTY>Pennington</COUNTY>
            <COUNTRY>US</COUNTRY>
         </FLEET_ADDRESS>
      </FLEET_NAME>
   </FLEET_ACCOUNT>
</T0027>
